{
    "name": "Resistance",
    "description": "U have a natural resistance to firey blocks.  Water flows you down.",
    "badges": [
        {
            "type": "origins:tooltip",
            "text": "U have fire immunity!. Water slows you down but rain doesn't.",
            "sprite": "origins:textures/gui/badge/info.png"
        }
    ],
    "type": "origins:multiple",
    "key0": {
        "type": "origins:action_on_callback",
        "entity_action_chosen": {
            "type": "origins:and",
            "actions": [
                {
                    "type": "origins:execute_command",
                    "command": "scale set pehkui:height 0.95 @s"
                },
                {
                    "type": "origins:execute_command",
                    "command": "scale set pehkui:width 0.95 @s"
                }
            ]
        },
        "execute_chosen_when_orb": true,
        "entity_action_lost": {
            "type": "origins:execute_command",
            "command": "scale reset @s"
        }
    },
    "key1": {
        "type": "origins:model_color",
        "red": 1,
        "green": 0.8,
        "blue": 0.8,
        "alpha": 1
    },
    "fireimmunity": {
        "type": "origins:fire_immunity"
    },
    "key3": {
        "condition": {
            "type": "origins:in_block_anywhere",
            "block_condition": {
                "type": "origins:block",
                "block": "minecraft:water"
            },
            "comparison": ">=",
            "compare_to": 1
        },
        "type": "origins:stacking_status_effect",
        "min_stacks": 1,
        "max_stacks": 1,
        "duration_per_stack": 100,
        "tick_rate": 20,
        "effect": {
            "effect": "minecraft:slowness",
            "duration": 100,
            "amplifier": 2,
            "is_ambient": true,
            "show_particles": true,
            "show_icon": true
        }
    }
}