{
    "hidden": true,
    "type": "origins:multiple",
    "key0": {
        "condition": {
            "type": "origins:and",
            "conditions": [
                {
                    "type": "origins:resource",
                    "resource": "*:bloodborn/essense_resource",
                    "comparison": "==",
                    "compare_to": 100
                }
            ]
        },
        "type": "origins:action_over_time",
        "interval": 10,
        "entity_action": {
            "type": "origins:and",
            "actions": [
                {
                    "type": "origins:execute_command",
                    "command": "attribute @s minecraft:generic.movement_speed base set 0.2"
                },
                {
                    "type": "origins:execute_command",
                    "command": "/attribute @s minecraft:generic.attack_damage base set 2"
                },
                {
                    "type": "origins:execute_command",
                    "command": "attribute @s minecraft:generic.attack_damage base set 5"
                }
            ]
        }
    },
    "particle": {
        "condition": {
            "type": "origins:resource",
            "resource": "*:bloodborn/essense_resource",
            "comparison": "==",
            "compare_to": 100
        },
        "type": "origins:particle",
        "particle": "minecraft:fire",
        "frequency": 1,
        "visible_in_first_person": true
    },
    "ashparticle": {
        "condition": {
            "type": "origins:resource",
            "resource": "*:bloodborn/essense_resource",
            "comparison": "==",
            "compare_to": 100
        },
        "type": "origins:particle",
        "particle": "minecraft:ash",
        "frequency": 1
    }
}